--
-- PostgreSQL database dump
--

-- Dumped from database version 13.2
-- Dumped by pg_dump version 13.2

SET statement_timeout = 0;
SET lock_timeout = 0;
SET idle_in_transaction_session_timeout = 0;
SET client_encoding = 'UTF8';
SET standard_conforming_strings = on;
SELECT pg_catalog.set_config('search_path', '', false);
SET check_function_bodies = false;
SET xmloption = content;
SET client_min_messages = warning;
SET row_security = off;

SET default_tablespace = '';

SET default_table_access_method = heap;

--
-- Name: information; Type: TABLE; Schema: public; Owner: friedwaffle
--

CREATE TABLE public.information (
    id integer NOT NULL,
    subreddit_id integer NOT NULL,
    date timestamp without time zone NOT NULL,
    subscribers integer DEFAULT 0,
    active_subscribers integer DEFAULT 0,
    submission integer DEFAULT 0,
    comments integer DEFAULT 0
);


ALTER TABLE public.information OWNER TO friedwaffle;

--
-- Name: information_id_seq; Type: SEQUENCE; Schema: public; Owner: friedwaffle
--

CREATE SEQUENCE public.information_id_seq
    AS integer
    START WITH 1
    INCREMENT BY 1
    NO MINVALUE
    NO MAXVALUE
    CACHE 1;


ALTER TABLE public.information_id_seq OWNER TO friedwaffle;

--
-- Name: information_id_seq; Type: SEQUENCE OWNED BY; Schema: public; Owner: friedwaffle
--

ALTER SEQUENCE public.information_id_seq OWNED BY public.information.id;


--
-- Name: lookup; Type: TABLE; Schema: public; Owner: friedwaffle
--

CREATE TABLE public.lookup (
    id integer NOT NULL,
    name character varying(45) NOT NULL,
    abbreviation character varying(45) NOT NULL
);


ALTER TABLE public.lookup OWNER TO friedwaffle;

--
-- Name: lookup_id_seq; Type: SEQUENCE; Schema: public; Owner: friedwaffle
--

CREATE SEQUENCE public.lookup_id_seq
    AS integer
    START WITH 1
    INCREMENT BY 1
    NO MINVALUE
    NO MAXVALUE
    CACHE 1;


ALTER TABLE public.lookup_id_seq OWNER TO friedwaffle;

--
-- Name: lookup_id_seq; Type: SEQUENCE OWNED BY; Schema: public; Owner: friedwaffle
--

ALTER SEQUENCE public.lookup_id_seq OWNED BY public.lookup.id;


--
-- Name: schedule; Type: TABLE; Schema: public; Owner: friedwaffle
--

CREATE TABLE public.schedule (
    id integer NOT NULL,
    posted date,
    new_subscriber integer,
    new_comment integer,
    new_submission integer,
    new_active_subs integer,
    subreddit_id integer,
    total_subscriber integer,
    total_comment integer,
    total_submission integer,
    total_active_subs integer
);


ALTER TABLE public.schedule OWNER TO friedwaffle;

--
-- Name: schedule_id_seq; Type: SEQUENCE; Schema: public; Owner: friedwaffle
--

CREATE SEQUENCE public.schedule_id_seq
    AS integer
    START WITH 1
    INCREMENT BY 1
    NO MINVALUE
    NO MAXVALUE
    CACHE 1;


ALTER TABLE public.schedule_id_seq OWNER TO friedwaffle;

--
-- Name: schedule_id_seq; Type: SEQUENCE OWNED BY; Schema: public; Owner: friedwaffle
--

ALTER SEQUENCE public.schedule_id_seq OWNED BY public.schedule.id;


--
-- Name: users; Type: TABLE; Schema: public; Owner: friedwaffle
--

CREATE TABLE public.users (
    id integer NOT NULL,
    username character varying(45) NOT NULL,
    password character varying(150) NOT NULL,
    role integer
);


ALTER TABLE public.users OWNER TO friedwaffle;

--
-- Name: users_id_seq; Type: SEQUENCE; Schema: public; Owner: friedwaffle
--

CREATE SEQUENCE public.users_id_seq
    AS integer
    START WITH 1
    INCREMENT BY 1
    NO MINVALUE
    NO MAXVALUE
    CACHE 1;


ALTER TABLE public.users_id_seq OWNER TO friedwaffle;

--
-- Name: users_id_seq; Type: SEQUENCE OWNED BY; Schema: public; Owner: friedwaffle
--

ALTER SEQUENCE public.users_id_seq OWNED BY public.users.id;


--
-- Name: information id; Type: DEFAULT; Schema: public; Owner: friedwaffle
--

ALTER TABLE ONLY public.information ALTER COLUMN id SET DEFAULT nextval('public.information_id_seq'::regclass);


--
-- Name: lookup id; Type: DEFAULT; Schema: public; Owner: friedwaffle
--

ALTER TABLE ONLY public.lookup ALTER COLUMN id SET DEFAULT nextval('public.lookup_id_seq'::regclass);


--
-- Name: schedule id; Type: DEFAULT; Schema: public; Owner: friedwaffle
--

ALTER TABLE ONLY public.schedule ALTER COLUMN id SET DEFAULT nextval('public.schedule_id_seq'::regclass);


--
-- Name: users id; Type: DEFAULT; Schema: public; Owner: friedwaffle
--

ALTER TABLE ONLY public.users ALTER COLUMN id SET DEFAULT nextval('public.users_id_seq'::regclass);


--
-- Data for Name: information; Type: TABLE DATA; Schema: public; Owner: friedwaffle
--

COPY public.information (id, subreddit_id, date, subscribers, active_subscribers, submission, comments) FROM stdin;
1	1	2021-04-29 12:00:35	20535	299	34943	328079
2	2	2021-04-29 12:00:35	5118938	28722	2176800	18695550
3	3	2021-04-29 12:00:35	2786944	9967	962749	11302909
4	4	2021-04-29 12:00:35	9970571	224025	1517876	39908005
5	5	2021-04-29 12:00:35	732940	2020	90594	592508
6	6	2021-04-29 12:00:35	74580	318	71129	668941
7	7	2021-04-29 12:00:35	507454	1775	197579	1170010
8	8	2021-04-29 12:00:35	275679	1221	109738	635569
9	9	2021-04-29 12:00:35	2079656	2003	213141	3680943
10	10	2021-04-29 12:00:35	1066653	7332	374784	2066284
11	1	2021-04-28 12:00:35	20486	299	34583	327799
12	2	2021-04-28 12:00:35	5118896	28719	2176499	18695319
13	3	2021-04-28 12:00:35	2786897	9964	962417	11302654
14	4	2021-04-28 12:00:35	9970532	224022	1517568	39907715
15	5	2021-04-28 12:00:35	732893	2020	90200	592254
16	6	2021-04-28 12:00:35	74543	316	70766	668737
17	7	2021-04-28 12:00:35	507415	1774	197263	1169752
18	8	2021-04-28 12:00:35	275636	1218	109406	635359
19	9	2021-04-28 12:00:35	2079610	2000	212767	3680687
20	10	2021-04-28 12:00:35	1066613	7331	374444	2066069
21	1	2021-04-27 12:00:35	20444	296	34192	327594
22	2	2021-04-27 12:00:35	5118851	28718	2176160	18695100
23	3	2021-04-27 12:00:35	2786861	9963	962058	11302417
24	4	2021-04-27 12:00:35	9970486	224021	1517195	39907499
25	5	2021-04-27 12:00:35	732850	2018	89808	592045
26	6	2021-04-27 12:00:35	74505	314	70461	668479
27	7	2021-04-27 12:00:35	507375	1773	196897	1169520
28	8	2021-04-27 12:00:35	275599	1216	109044	635125
29	9	2021-04-27 12:00:35	2079572	2001	212428	3680431
30	10	2021-04-27 12:00:35	1066566	7331	374079	2065780
31	1	2021-04-26 12:00:35	20405	296	33884	327373
32	2	2021-04-26 12:00:35	5118816	28715	2175831	18694854
33	3	2021-04-26 12:00:35	2786824	9960	961731	11302190
34	4	2021-04-26 12:00:35	9970451	224022	1516894	39907267
35	5	2021-04-26 12:00:35	732815	2017	89418	591755
36	6	2021-04-26 12:00:35	74459	312	70080	668206
37	7	2021-04-26 12:00:35	507339	1771	196570	1169288
38	8	2021-04-26 12:00:35	275555	1215	108698	634842
39	9	2021-04-26 12:00:35	2079534	2000	212114	3680135
40	10	2021-04-26 12:00:35	1066518	7331	373736	2065498
41	1	2021-04-25 12:00:35	20361	296	33557	327128
42	2	2021-04-25 12:00:35	5118779	28715	2175468	18694555
43	3	2021-04-25 12:00:35	2786781	9960	961351	11301903
44	4	2021-04-25 12:00:35	9970414	224022	1516582	39907018
45	5	2021-04-25 12:00:35	732779	2014	89112	591549
46	6	2021-04-25 12:00:35	74424	313	69753	667921
47	7	2021-04-25 12:00:35	507295	1770	196260	1169017
48	8	2021-04-25 12:00:35	275508	1212	108339	634638
49	9	2021-04-25 12:00:35	2079492	1998	211717	3679855
50	10	2021-04-25 12:00:35	1066472	7330	373404	2065276
51	1	2021-04-24 12:00:35	20313	296	33224	326849
52	2	2021-04-24 12:00:35	5118741	28713	2175123	18694263
53	3	2021-04-24 12:00:35	2786734	9958	960953	11301644
54	4	2021-04-24 12:00:35	9970375	224020	1516193	39906728
55	5	2021-04-24 12:00:35	732742	2011	88780	591261
56	6	2021-04-24 12:00:35	74382	313	69433	667692
57	7	2021-04-24 12:00:35	507246	1770	195919	1168779
58	8	2021-04-24 12:00:35	275467	1212	107997	634396
59	9	2021-04-24 12:00:35	2079446	1996	211342	3679580
60	10	2021-04-24 12:00:35	1066430	7327	373097	2064999
61	1	2021-04-23 12:00:35	20273	293	32909	326615
62	2	2021-04-23 12:00:35	5118700	28711	2174800	18694044
63	3	2021-04-23 12:00:35	2786691	9956	960651	11301411
64	4	2021-04-23 12:00:35	9970335	224018	1515809	39906435
65	5	2021-04-23 12:00:35	732696	2009	88415	591046
66	6	2021-04-23 12:00:35	74342	311	69043	667396
67	7	2021-04-23 12:00:35	507198	1768	195605	1168543
68	8	2021-04-23 12:00:35	275427	1210	107680	634142
69	9	2021-04-23 12:00:35	2079406	1995	211009	3679343
70	10	2021-04-23 12:00:35	1066383	7328	372755	2064722
71	1	2021-04-22 12:00:35	20231	290	32581	326380
72	2	2021-04-22 12:00:35	5118651	28710	2174494	18693827
73	3	2021-04-22 12:00:35	2786646	9957	960252	11301181
74	4	2021-04-22 12:00:35	9970291	224017	1515478	39906160
75	5	2021-04-22 12:00:35	732660	2006	88016	590822
76	6	2021-04-22 12:00:35	74293	311	68726	667122
77	7	2021-04-22 12:00:35	507149	1767	195274	1168245
78	8	2021-04-22 12:00:35	275382	1210	107286	633933
79	9	2021-04-22 12:00:35	2079357	1993	210614	3679116
80	10	2021-04-22 12:00:35	1066338	7326	372372	2064445
81	1	2021-04-21 12:00:35	20183	291	32234	326101
82	2	2021-04-21 12:00:35	5118611	28708	2174163	18693558
83	3	2021-04-21 12:00:35	2786611	9955	959905	11300945
84	4	2021-04-21 12:00:35	9970256	224018	1515083	39905897
85	5	2021-04-21 12:00:35	732615	2006	87679	590581
86	6	2021-04-21 12:00:35	74257	310	68400	666897
87	7	2021-04-21 12:00:35	507103	1765	194894	1167967
88	8	2021-04-21 12:00:35	275335	1210	106973	633636
89	9	2021-04-21 12:00:35	2079322	1993	210259	3678872
90	10	2021-04-21 12:00:35	1066298	7324	372058	2064211
91	1	2021-04-20 12:00:35	20145	289	31870	325829
92	2	2021-04-20 12:00:35	5118576	28706	2173804	18693267
93	3	2021-04-20 12:00:35	2786567	9953	959509	11300682
94	4	2021-04-20 12:00:35	9970212	224018	1514778	39905626
95	5	2021-04-20 12:00:35	732578	2004	87306	590318
96	6	2021-04-20 12:00:35	74218	310	68041	666684
97	7	2021-04-20 12:00:35	507065	1766	194495	1167685
98	8	2021-04-20 12:00:35	275299	1210	106669	633405
99	9	2021-04-20 12:00:35	2079278	1991	209943	3678614
100	10	2021-04-20 12:00:35	1066262	7321	371697	2063990
101	1	2021-04-19 12:00:35	20103	289	31540	325601
102	2	2021-04-19 12:00:35	5118539	28704	2173492	18693016
103	3	2021-04-19 12:00:35	2786523	9953	959168	11300477
104	4	2021-04-19 12:00:35	9970171	224018	1514457	39905391
105	5	2021-04-19 12:00:35	732529	2003	86947	590034
106	6	2021-04-19 12:00:35	74181	307	67725	666444
107	7	2021-04-19 12:00:35	507016	1766	194139	1167428
108	8	2021-04-19 12:00:35	275250	1207	106291	633157
109	9	2021-04-19 12:00:35	2079235	1988	209617	3678321
110	10	2021-04-19 12:00:35	1066219	7321	371303	2063740
111	1	2021-04-18 12:00:35	20068	287	31157	325341
112	2	2021-04-18 12:00:35	5118495	28702	2173181	18692725
113	3	2021-04-18 12:00:35	2786484	9951	958856	11300212
114	4	2021-04-18 12:00:35	9970127	224017	1514123	39905172
115	5	2021-04-18 12:00:35	732490	2002	86630	589827
116	6	2021-04-18 12:00:35	74132	307	67365	666244
117	7	2021-04-18 12:00:35	506980	1766	193759	1167196
118	8	2021-04-18 12:00:35	275203	1204	105929	632923
119	9	2021-04-18 12:00:35	2079195	1988	209238	3678052
120	10	2021-04-18 12:00:35	1066173	7320	370919	2063463
121	1	2021-04-17 12:00:35	20021	285	30793	325129
122	2	2021-04-17 12:00:35	5118457	28700	2172808	18692491
123	3	2021-04-17 12:00:35	2786437	9949	958459	11299914
124	4	2021-04-17 12:00:35	9970080	224015	1513761	39904962
125	5	2021-04-17 12:00:35	732446	2000	86273	589541
126	6	2021-04-17 12:00:35	74090	307	66995	665954
127	7	2021-04-17 12:00:35	506942	1763	193404	1166974
128	8	2021-04-17 12:00:35	275157	1202	105612	632715
129	9	2021-04-17 12:00:35	2079147	1987	208887	3677847
130	10	2021-04-17 12:00:35	1066135	7317	370612	2063225
131	1	2021-04-16 12:00:35	19986	286	30449	324864
132	2	2021-04-16 12:00:35	5118410	28699	2172507	18692233
133	3	2021-04-16 12:00:35	2786397	9950	958079	11299661
134	4	2021-04-16 12:00:35	9970037	224015	1513433	39904734
135	5	2021-04-16 12:00:35	732404	1998	85935	589306
136	6	2021-04-16 12:00:35	74051	306	66694	665702
137	7	2021-04-16 12:00:35	506895	1762	193024	1166758
138	8	2021-04-16 12:00:35	275122	1202	105299	632433
139	9	2021-04-16 12:00:35	2079099	1988	208503	3677585
140	10	2021-04-16 12:00:35	1066094	7317	370239	2062971
141	1	2021-04-15 12:00:35	19947	284	30064	324661
142	2	2021-04-15 12:00:35	5118367	28696	2172195	18692022
143	3	2021-04-15 12:00:35	2786359	9948	957684	11299432
144	4	2021-04-15 12:00:35	9969991	224012	1513041	39904436
145	5	2021-04-15 12:00:35	732369	1999	85608	589022
146	6	2021-04-15 12:00:35	74008	304	66366	665471
147	7	2021-04-15 12:00:35	506859	1760	192724	1166487
148	8	2021-04-15 12:00:35	275078	1199	104970	632140
149	9	2021-04-15 12:00:35	2079059	1986	208178	3677360
150	10	2021-04-15 12:00:35	1066048	7317	369925	2062759
151	1	2021-04-14 12:00:35	19902	284	29754	324426
152	2	2021-04-14 12:00:35	5118329	28693	2171841	18691748
153	3	2021-04-14 12:00:35	2786323	9946	957285	11299190
154	4	2021-04-14 12:00:35	9969945	224011	1512700	39904203
155	5	2021-04-14 12:00:35	732329	1999	85254	588768
156	6	2021-04-14 12:00:35	73965	304	65968	665214
157	7	2021-04-14 12:00:35	506815	1758	192345	1166209
158	8	2021-04-14 12:00:35	275040	1199	104620	631896
159	9	2021-04-14 12:00:35	2079020	1983	207811	3677077
160	10	2021-04-14 12:00:35	1066010	7315	369599	2062539
161	1	2021-04-13 12:00:35	19853	282	29368	324139
162	2	2021-04-13 12:00:35	5118280	28691	2171450	18691450
163	3	2021-04-13 12:00:35	2786280	9946	956892	11298905
164	4	2021-04-13 12:00:35	9969904	224008	1512345	39903950
165	5	2021-04-13 12:00:35	732283	1998	84935	588492
166	6	2021-04-13 12:00:35	73926	304	65574	664967
167	7	2021-04-13 12:00:35	506777	1758	191974	1165974
168	8	2021-04-13 12:00:35	274997	1197	104260	631692
169	9	2021-04-13 12:00:35	2078975	1982	207470	3676812
170	10	2021-04-13 12:00:35	1065975	7315	369210	2062268
171	1	2021-04-12 12:00:35	19805	279	28974	323877
172	2	2021-04-12 12:00:35	5118245	28691	2171096	18691200
173	3	2021-04-12 12:00:35	2786245	9946	956548	11298616
174	4	2021-04-12 12:00:35	9969865	224008	1512032	39903707
175	5	2021-04-12 12:00:35	732240	1995	84631	588236
176	6	2021-04-12 12:00:35	73884	302	65218	664728
177	7	2021-04-12 12:00:35	506732	1756	191577	1165766
178	8	2021-04-12 12:00:35	274956	1198	103937	631404
179	9	2021-04-12 12:00:35	2078927	1982	207146	3676579
180	10	2021-04-12 12:00:35	1065935	7312	368903	2061985
181	1	2021-04-11 12:00:35	19761	278	28641	323656
182	2	2021-04-11 12:00:35	5118207	28690	2170761	18690916
183	3	2021-04-11 12:00:35	2786196	9946	956203	11298397
184	4	2021-04-11 12:00:35	9969819	224007	1511696	39903464
185	5	2021-04-11 12:00:35	732199	1992	84257	587955
186	6	2021-04-11 12:00:35	73849	303	64841	664432
187	7	2021-04-11 12:00:35	506691	1757	191270	1165546
188	8	2021-04-11 12:00:35	274914	1196	103590	631169
189	9	2021-04-11 12:00:35	2078887	1981	206831	3676366
190	10	2021-04-11 12:00:35	1065897	7311	368514	2061754
191	1	2021-04-10 12:00:35	19719	276	28319	323443
192	2	2021-04-10 12:00:35	5118166	28687	2170414	18690693
193	3	2021-04-10 12:00:35	2786152	9945	955829	11298146
194	4	2021-04-10 12:00:35	9969779	224005	1511376	39903197
195	5	2021-04-10 12:00:35	732153	1989	83902	587708
196	6	2021-04-10 12:00:35	73800	300	64507	664178
197	7	2021-04-10 12:00:35	506646	1755	190884	1165258
198	8	2021-04-10 12:00:35	274870	1195	103287	630907
199	9	2021-04-10 12:00:35	2078841	1982	206442	3676156
200	10	2021-04-10 12:00:35	1065855	7309	368214	2061488
201	1	2021-04-09 12:00:35	19675	274	28000	323193
202	2	2021-04-09 12:00:35	5118129	28686	2170087	18690479
203	3	2021-04-09 12:00:35	2786108	9943	955482	11297934
204	4	2021-04-09 12:00:35	9969735	224005	1511045	39902906
205	5	2021-04-09 12:00:35	732115	1990	83538	587465
206	6	2021-04-09 12:00:35	73763	298	64167	663921
207	7	2021-04-09 12:00:35	506600	1753	190493	1164989
208	8	2021-04-09 12:00:35	274824	1193	102921	630619
209	9	2021-04-09 12:00:35	2078805	1981	206058	3675934
210	10	2021-04-09 12:00:35	1065813	7306	367896	2061256
211	1	2021-04-08 12:00:35	19639	275	27634	322975
212	2	2021-04-08 12:00:35	5118092	28684	2169698	18690217
213	3	2021-04-08 12:00:35	2786060	9942	955170	11297653
214	4	2021-04-08 12:00:35	9969690	224003	1510704	39902618
215	5	2021-04-08 12:00:35	732080	1989	83181	587229
216	6	2021-04-08 12:00:35	73717	297	63830	663630
217	7	2021-04-08 12:00:35	506557	1753	190164	1164771
218	8	2021-04-08 12:00:35	274783	1190	102592	630418
219	9	2021-04-08 12:00:35	2078764	1982	205736	3675644
220	10	2021-04-08 12:00:35	1065777	7307	367553	2061047
221	1	2021-04-07 12:00:35	19592	274	27288	322703
222	2	2021-04-07 12:00:35	5118051	28683	2169396	18689937
223	3	2021-04-07 12:00:35	2786021	9940	954853	11297382
224	4	2021-04-07 12:00:35	9969652	224001	1510320	39902351
225	5	2021-04-07 12:00:35	732035	1986	82858	586996
226	6	2021-04-07 12:00:35	73674	297	63448	663387
227	7	2021-04-07 12:00:35	506517	1754	189848	1164524
228	8	2021-04-07 12:00:35	274742	1187	102244	630137
229	9	2021-04-07 12:00:35	2078723	1980	205357	3675423
230	10	2021-04-07 12:00:35	1065732	7306	367168	2060756
231	1	2021-04-06 12:00:35	19555	273	26901	322480
232	2	2021-04-06 12:00:35	5118002	28684	2169076	18689734
233	3	2021-04-06 12:00:35	2785974	9941	954531	11297114
234	4	2021-04-06 12:00:35	9969606	224001	1509983	39902108
235	5	2021-04-06 12:00:35	731993	1983	82544	586763
236	6	2021-04-06 12:00:35	73632	294	63143	663133
237	7	2021-04-06 12:00:35	506472	1751	189471	1164306
238	8	2021-04-06 12:00:35	274705	1184	101934	629904
239	9	2021-04-06 12:00:35	2078675	1981	204996	3675200
240	10	2021-04-06 12:00:35	1065691	7304	366774	2060466
241	1	2021-04-05 12:00:35	19518	270	26537	322200
242	2	2021-04-05 12:00:35	5117964	28682	2168732	18689472
243	3	2021-04-05 12:00:35	2785937	9942	954205	11296871
244	4	2021-04-05 12:00:35	9969568	224000	1509587	39901902
245	5	2021-04-05 12:00:35	731952	1981	82190	586496
246	6	2021-04-05 12:00:35	73592	291	62787	662883
247	7	2021-04-05 12:00:35	506423	1748	189137	1164081
248	8	2021-04-05 12:00:35	274660	1184	101587	629644
249	9	2021-04-05 12:00:35	2078637	1980	204651	3674992
250	10	2021-04-05 12:00:35	1065650	7305	366404	2060167
251	1	2021-04-04 12:00:35	19477	267	26194	321998
252	2	2021-04-04 12:00:35	5117920	28679	2168367	18689196
253	3	2021-04-04 12:00:35	2785894	9943	953828	11296648
254	4	2021-04-04 12:00:35	9969528	223998	1509191	39901683
255	5	2021-04-04 12:00:35	731910	1981	81822	586271
256	6	2021-04-04 12:00:35	73544	292	62418	662592
257	7	2021-04-04 12:00:35	506379	1748	188796	1163845
258	8	2021-04-04 12:00:35	274618	1183	101189	629352
259	9	2021-04-04 12:00:35	2078602	1979	204321	3674780
260	10	2021-04-04 12:00:35	1065614	7304	366095	2059949
261	1	2021-04-03 12:00:35	19442	268	25816	321796
262	2	2021-04-03 12:00:35	5117879	28678	2168007	18688970
263	3	2021-04-03 12:00:35	2785858	9942	953446	11296384
264	4	2021-04-03 12:00:35	9969484	223999	1508841	39901394
265	5	2021-04-03 12:00:35	731863	1980	81466	586004
266	6	2021-04-03 12:00:35	73497	292	62067	662328
267	7	2021-04-03 12:00:35	506341	1748	188472	1163569
268	8	2021-04-03 12:00:35	274581	1180	100883	629067
269	9	2021-04-03 12:00:35	2078555	1979	203924	3674566
270	10	2021-04-03 12:00:35	1065570	7304	365776	2059736
271	1	2021-04-02 12:00:35	19402	265	25471	321541
272	2	2021-04-02 12:00:35	5117839	28676	2167623	18688696
273	3	2021-04-02 12:00:35	2785822	9941	953119	11296102
274	4	2021-04-02 12:00:35	9969445	223999	1508500	39901113
275	5	2021-04-02 12:00:35	731826	1980	81073	585718
276	6	2021-04-02 12:00:35	73455	293	61745	662052
277	7	2021-04-02 12:00:35	506303	1747	188147	1163332
278	8	2021-04-02 12:00:35	274534	1180	100530	628866
279	9	2021-04-02 12:00:35	2078516	1979	203579	3674363
280	10	2021-04-02 12:00:35	1065521	7304	365413	2059529
281	1	2021-04-01 12:00:35	19353	263	25157	321303
282	2	2021-04-01 12:00:35	5117799	28674	2167315	18688481
283	3	2021-04-01 12:00:35	2785774	9939	952797	11295823
284	4	2021-04-01 12:00:35	9969404	223997	1508199	39900829
285	5	2021-04-01 12:00:35	731782	1980	80698	585420
286	6	2021-04-01 12:00:35	73417	291	61421	661817
287	7	2021-04-01 12:00:35	506266	1748	187775	1163127
288	8	2021-04-01 12:00:35	274493	1179	100134	628571
289	9	2021-04-01 12:00:35	2078475	1977	203209	3674146
290	10	2021-04-01 12:00:35	1065481	7305	365087	2059243
291	1	2021-03-31 12:00:35	19309	263	24851	321077
292	2	2021-03-31 12:00:35	5117764	28675	2166981	18688219
293	3	2021-03-31 12:00:35	2785726	9937	952466	11295600
294	4	2021-03-31 12:00:35	9969363	223995	1507890	39900589
295	5	2021-03-31 12:00:35	731741	1978	80393	585198
296	6	2021-03-31 12:00:35	73368	290	61088	661599
297	7	2021-03-31 12:00:35	506222	1746	187456	1162917
298	8	2021-03-31 12:00:35	274457	1177	99743	628345
299	9	2021-03-31 12:00:35	2078430	1976	202814	3673908
300	10	2021-03-31 12:00:35	1065440	7304	364751	2058977
301	1	2021-03-30 12:00:35	19266	262	24495	320867
302	2	2021-03-30 12:00:35	5117719	28674	2166593	18687922
303	3	2021-03-30 12:00:35	2785688	9938	952121	11295364
304	4	2021-03-30 12:00:35	9969325	223993	1507530	39900344
305	5	2021-03-30 12:00:35	731695	1975	80025	584902
306	6	2021-03-30 12:00:35	73329	290	60722	661317
307	7	2021-03-30 12:00:35	506173	1745	187135	1162699
308	8	2021-03-30 12:00:35	274408	1177	99362	628063
309	9	2021-03-30 12:00:35	2078388	1974	202415	3673655
310	10	2021-03-30 12:00:35	1065399	7303	364415	2058776
\.


--
-- Data for Name: lookup; Type: TABLE DATA; Schema: public; Owner: friedwaffle
--

COPY public.lookup (id, name, abbreviation) FROM stdin;
1	Rochester Institute of Technology	rit
2	Minecraft	minecraft
3	Bitcoin	bitcoin
4	Wallstreet Bets	wallstreetbets
5	Robinhood	robinhood
6	GameStop	gamestop
7	Sony PlayStation	playstation
8	Microsoft Xbox	xbox
9	Nintendo	nintendo
10	Twitch	twitch
\.


--
-- Data for Name: schedule; Type: TABLE DATA; Schema: public; Owner: friedwaffle
--

COPY public.schedule (id, posted, new_subscriber, new_comment, new_submission, new_active_subs, subreddit_id, total_subscriber, total_comment, total_submission, total_active_subs) FROM stdin;
398	2021-04-29	40	341	276	2	10	1066653	2066284	374784	7332
399	2021-04-28	49	360	280	0	1	20486	327799	34583	299
400	2021-04-28	42	301	231	3	2	5118896	18695319	2176499	28719
401	2021-04-28	47	332	255	3	3	2786897	11302654	962417	9964
402	2021-04-28	39	308	290	3	4	9970532	39907715	1517568	224022
403	2021-04-28	47	394	254	0	5	732893	592254	90200	2020
404	2021-04-28	37	363	204	2	6	74543	668737	70766	316
405	2021-04-28	39	316	258	1	7	507415	1169752	197263	1774
406	2021-04-28	43	332	210	3	8	275636	635359	109406	1218
407	2021-04-28	46	374	256	3	9	2079610	3680687	212767	2000
408	2021-04-28	40	340	215	1	10	1066613	2066069	374444	7331
409	2021-04-27	42	391	205	3	1	20444	327594	34192	296
410	2021-04-27	45	339	219	1	2	5118851	18695100	2176160	28718
411	2021-04-27	36	359	237	1	3	2786861	11302417	962058	9963
412	2021-04-27	46	373	216	1	4	9970486	39907499	1517195	224021
413	2021-04-27	43	392	209	2	5	732850	592045	89808	2018
414	2021-04-27	38	305	258	2	6	74505	668479	70461	314
415	2021-04-27	40	366	232	1	7	507375	1169520	196897	1773
416	2021-04-27	37	362	234	2	8	275599	635125	109044	1216
417	2021-04-27	38	339	256	-1	9	2079572	3680431	212428	2001
418	2021-04-27	47	365	289	0	10	1066566	2065780	374079	7331
419	2021-04-26	39	308	221	0	1	20405	327373	33884	296
420	2021-04-26	35	329	246	3	2	5118816	18694854	2175831	28715
421	2021-04-26	37	327	227	3	3	2786824	11302190	961731	9960
422	2021-04-26	35	301	232	-1	4	9970451	39907267	1516894	224022
423	2021-04-26	35	390	290	1	5	732815	591755	89418	2017
424	2021-04-26	46	381	273	2	6	74459	668206	70080	312
425	2021-04-26	36	327	232	2	7	507339	1169288	196570	1771
426	2021-04-26	44	346	283	1	8	275555	634842	108698	1215
427	2021-04-26	38	314	296	1	9	2079534	3680135	212114	2000
428	2021-04-26	48	343	282	0	10	1066518	2065498	373736	7331
429	2021-04-25	44	327	245	0	1	20361	327128	33557	296
430	2021-04-25	37	363	299	0	2	5118779	18694555	2175468	28715
431	2021-04-25	43	380	287	0	3	2786781	11301903	961351	9960
432	2021-04-25	37	312	249	0	4	9970414	39907018	1516582	224022
433	2021-04-25	36	306	206	3	5	732779	591549	89112	2014
434	2021-04-25	35	327	285	-1	6	74424	667921	69753	313
435	2021-04-25	44	310	271	1	7	507295	1169017	196260	1770
436	2021-04-25	47	359	204	3	8	275508	634638	108339	1212
437	2021-04-25	42	397	280	2	9	2079492	3679855	211717	1998
438	2021-04-25	46	332	222	1	10	1066472	2065276	373404	7330
439	2021-04-24	48	333	279	0	1	20313	326849	33224	296
440	2021-04-24	38	345	292	2	2	5118741	18694263	2175123	28713
441	2021-04-24	47	398	259	2	3	2786734	11301644	960953	9958
442	2021-04-24	39	389	290	2	4	9970375	39906728	1516193	224020
443	2021-04-24	37	332	288	3	5	732742	591261	88780	2011
444	2021-04-24	42	320	229	0	6	74382	667692	69433	313
445	2021-04-24	49	341	238	0	7	507246	1168779	195919	1770
446	2021-04-24	41	342	242	0	8	275467	634396	107997	1212
447	2021-04-24	46	375	275	2	9	2079446	3679580	211342	1996
448	2021-04-24	42	307	277	3	10	1066430	2064999	373097	7327
449	2021-04-23	40	315	234	3	1	20273	326615	32909	293
450	2021-04-23	41	323	219	2	2	5118700	18694044	2174800	28711
451	2021-04-23	43	302	233	2	3	2786691	11301411	960651	9956
452	2021-04-23	40	384	293	2	4	9970335	39906435	1515809	224018
453	2021-04-23	46	365	215	2	5	732696	591046	88415	2009
454	2021-04-23	40	390	296	2	6	74342	667396	69043	311
455	2021-04-23	48	314	236	2	7	507198	1168543	195605	1768
456	2021-04-23	40	317	254	2	8	275427	634142	107680	1210
636	2021-04-05	45	347	260	0	8	274660	629644	101587	1184
637	2021-04-05	38	345	208	1	9	2078637	3674992	204651	1980
638	2021-04-05	41	370	299	-1	10	1065650	2060167	366404	7305
639	2021-04-04	41	343	202	3	1	19477	321998	26194	267
640	2021-04-04	44	365	276	3	2	5117920	18689196	2168367	28679
641	2021-04-04	43	377	223	-1	3	2785894	11296648	953828	9943
642	2021-04-04	40	396	219	2	4	9969528	39901683	1509191	223998
643	2021-04-04	42	368	225	0	5	731910	586271	81822	1981
644	2021-04-04	48	369	291	-1	6	73544	662592	62418	292
645	2021-04-04	44	341	236	0	7	506379	1163845	188796	1748
646	2021-04-04	42	398	292	1	8	274618	629352	101189	1183
647	2021-04-04	35	330	212	1	9	2078602	3674780	204321	1979
648	2021-04-04	36	309	218	1	10	1065614	2059949	366095	7304
649	2021-04-03	35	378	202	-1	1	19442	321796	25816	268
650	2021-04-03	41	360	226	1	2	5117879	18688970	2168007	28678
651	2021-04-03	36	382	264	1	3	2785858	11296384	953446	9942
652	2021-04-03	44	350	289	-1	4	9969484	39901394	1508841	223999
653	2021-04-03	47	356	267	1	5	731863	586004	81466	1980
654	2021-04-03	47	351	264	0	6	73497	662328	62067	292
655	2021-04-03	38	324	276	0	7	506341	1163569	188472	1748
656	2021-04-03	37	306	285	3	8	274581	629067	100883	1180
657	2021-04-03	47	397	214	0	9	2078555	3674566	203924	1979
658	2021-04-03	44	319	213	0	10	1065570	2059736	365776	7304
659	2021-04-02	40	345	255	3	1	19402	321541	25471	265
660	2021-04-02	40	384	274	2	2	5117839	18688696	2167623	28676
661	2021-04-02	36	327	282	1	3	2785822	11296102	953119	9941
662	2021-04-02	39	341	281	0	4	9969445	39901113	1508500	223999
663	2021-04-02	37	393	286	0	5	731826	585718	81073	1980
664	2021-04-02	42	322	276	-1	6	73455	662052	61745	293
665	2021-04-02	38	325	237	1	7	506303	1163332	188147	1747
666	2021-04-02	47	353	201	0	8	274534	628866	100530	1180
667	2021-04-02	39	345	203	0	9	2078516	3674363	203579	1979
668	2021-04-02	49	363	207	0	10	1065521	2059529	365413	7304
669	2021-04-01	49	314	238	2	1	19353	321303	25157	263
670	2021-04-01	40	308	215	2	2	5117799	18688481	2167315	28674
671	2021-04-01	48	322	279	2	3	2785774	11295823	952797	9939
672	2021-04-01	41	301	284	2	4	9969404	39900829	1508199	223997
673	2021-04-01	44	375	298	0	5	731782	585420	80698	1980
674	2021-04-01	38	324	235	2	6	73417	661817	61421	291
675	2021-04-01	37	372	205	-1	7	506266	1163127	187775	1748
676	2021-04-01	41	396	295	1	8	274493	628571	100134	1179
677	2021-04-01	41	370	217	2	9	2078475	3674146	203209	1977
678	2021-04-01	40	326	286	-1	10	1065481	2059243	365087	7305
679	2021-03-31	44	306	226	0	1	19309	321077	24851	263
680	2021-03-31	35	334	262	-1	2	5117764	18688219	2166981	28675
681	2021-03-31	48	331	223	2	3	2785726	11295600	952466	9937
682	2021-03-31	41	309	240	2	4	9969363	39900589	1507890	223995
683	2021-03-31	41	305	222	2	5	731741	585198	80393	1978
457	2021-04-23	40	333	237	1	9	2079406	3679343	211009	1995
458	2021-04-23	47	342	277	-1	10	1066383	2064722	372755	7328
459	2021-04-22	42	328	235	3	1	20231	326380	32581	290
460	2021-04-22	49	306	217	1	2	5118651	18693827	2174494	28710
461	2021-04-22	45	399	230	-1	3	2786646	11301181	960252	9957
462	2021-04-22	44	331	275	1	4	9970291	39906160	1515478	224017
463	2021-04-22	36	399	224	3	5	732660	590822	88016	2006
464	2021-04-22	49	317	274	0	6	74293	667122	68726	311
465	2021-04-22	49	331	298	1	7	507149	1168245	195274	1767
466	2021-04-22	45	394	209	0	8	275382	633933	107286	1210
467	2021-04-22	49	395	227	2	9	2079357	3679116	210614	1993
468	2021-04-22	45	383	277	2	10	1066338	2064445	372372	7326
469	2021-04-21	48	347	279	-1	1	20183	326101	32234	291
470	2021-04-21	40	331	269	2	2	5118611	18693558	2174163	28708
471	2021-04-21	35	347	236	2	3	2786611	11300945	959905	9955
472	2021-04-21	35	395	263	-1	4	9970256	39905897	1515083	224018
473	2021-04-21	45	337	241	0	5	732615	590581	87679	2006
474	2021-04-21	36	326	225	1	6	74257	666897	68400	310
475	2021-04-21	46	380	278	2	7	507103	1167967	194894	1765
476	2021-04-21	47	313	297	0	8	275335	633636	106973	1210
477	2021-04-21	35	355	244	0	9	2079322	3678872	210259	1993
478	2021-04-21	40	314	234	2	10	1066298	2064211	372058	7324
479	2021-04-20	38	364	272	2	1	20145	325829	31870	289
480	2021-04-20	35	359	291	2	2	5118576	18693267	2173804	28706
481	2021-04-20	44	396	263	2	3	2786567	11300682	959509	9953
482	2021-04-20	44	305	271	0	4	9970212	39905626	1514778	224018
483	2021-04-20	37	373	263	2	5	732578	590318	87306	2004
484	2021-04-20	39	359	213	0	6	74218	666684	68041	310
485	2021-04-20	38	399	282	-1	7	507065	1167685	194495	1766
486	2021-04-20	36	304	231	0	8	275299	633405	106669	1210
487	2021-04-20	44	316	258	2	9	2079278	3678614	209943	1991
488	2021-04-20	36	361	221	3	10	1066262	2063990	371697	7321
489	2021-04-19	42	330	228	0	1	20103	325601	31540	289
490	2021-04-19	37	312	251	2	2	5118539	18693016	2173492	28704
491	2021-04-19	44	341	205	0	3	2786523	11300477	959168	9953
492	2021-04-19	41	321	235	0	4	9970171	39905391	1514457	224018
493	2021-04-19	49	359	284	1	5	732529	590034	86947	2003
494	2021-04-19	37	316	240	3	6	74181	666444	67725	307
495	2021-04-19	49	356	257	0	7	507016	1167428	194139	1766
496	2021-04-19	49	378	248	3	8	275250	633157	106291	1207
497	2021-04-19	43	326	293	3	9	2079235	3678321	209617	1988
498	2021-04-19	43	394	250	0	10	1066219	2063740	371303	7321
499	2021-04-18	35	383	260	2	1	20068	325341	31157	287
500	2021-04-18	44	311	291	2	2	5118495	18692725	2173181	28702
501	2021-04-18	39	312	265	2	3	2786484	11300212	958856	9951
502	2021-04-18	44	334	219	1	4	9970127	39905172	1514123	224017
503	2021-04-18	39	317	207	1	5	732490	589827	86630	2002
504	2021-04-18	49	360	200	0	6	74132	666244	67365	307
505	2021-04-18	36	380	232	0	7	506980	1167196	193759	1766
506	2021-04-18	47	362	234	3	8	275203	632923	105929	1204
507	2021-04-18	40	379	269	0	9	2079195	3678052	209238	1988
508	2021-04-18	46	384	277	1	10	1066173	2063463	370919	7320
509	2021-04-17	47	364	212	2	1	20021	325129	30793	285
510	2021-04-17	38	373	234	2	2	5118457	18692491	2172808	28700
511	2021-04-17	47	397	298	2	3	2786437	11299914	958459	9949
512	2021-04-17	47	362	210	2	4	9970080	39904962	1513761	224015
513	2021-04-17	44	357	286	2	5	732446	589541	86273	2000
514	2021-04-17	42	370	290	0	6	74090	665954	66995	307
515	2021-04-17	38	355	222	3	7	506942	1166974	193404	1763
516	2021-04-17	46	317	208	2	8	275157	632715	105612	1202
684	2021-03-31	49	333	218	1	6	73368	661599	61088	290
685	2021-03-31	44	319	210	2	7	506222	1162917	187456	1746
686	2021-03-31	36	391	226	2	8	274457	628345	99743	1177
687	2021-03-31	45	395	238	1	9	2078430	3673908	202814	1976
688	2021-03-31	41	336	266	1	10	1065440	2058977	364751	7304
689	2021-03-30	43	356	210	1	1	19266	320867	24495	262
690	2021-03-30	45	388	297	1	2	5117719	18687922	2166593	28674
691	2021-03-30	38	345	236	-1	3	2785688	11295364	952121	9938
692	2021-03-30	38	360	245	2	4	9969325	39900344	1507530	223993
693	2021-03-30	46	368	296	3	5	731695	584902	80025	1975
694	2021-03-30	39	366	282	0	6	73329	661317	60722	290
695	2021-03-30	49	321	218	1	7	506173	1162699	187135	1745
696	2021-03-30	49	381	282	0	8	274408	628063	99362	1177
697	2021-03-30	42	399	253	2	9	2078388	3673655	202415	1974
698	2021-03-30	41	336	201	1	10	1065399	2058776	364415	7303
517	2021-04-17	48	351	205	1	9	2079147	3677847	208887	1987
518	2021-04-17	38	307	238	3	10	1066135	2063225	370612	7317
519	2021-04-16	35	344	265	-1	1	19986	324864	30449	286
520	2021-04-16	47	301	258	1	2	5118410	18692233	2172507	28699
521	2021-04-16	40	380	253	-1	3	2786397	11299661	958079	9950
522	2021-04-16	43	328	228	0	4	9970037	39904734	1513433	224015
523	2021-04-16	42	338	235	2	5	732404	589306	85935	1998
524	2021-04-16	39	301	252	1	6	74051	665702	66694	306
525	2021-04-16	47	380	216	1	7	506895	1166758	193024	1762
526	2021-04-16	35	313	282	0	8	275122	632433	105299	1202
527	2021-04-16	48	384	262	-1	9	2079099	3677585	208503	1988
528	2021-04-16	41	373	254	0	10	1066094	2062971	370239	7317
529	2021-04-15	39	385	203	2	1	19947	324661	30064	284
530	2021-04-15	43	312	211	3	2	5118367	18692022	2172195	28696
531	2021-04-15	38	395	229	2	3	2786359	11299432	957684	9948
532	2021-04-15	46	392	298	3	4	9969991	39904436	1513041	224012
533	2021-04-15	35	327	284	-1	5	732369	589022	85608	1999
534	2021-04-15	43	328	231	2	6	74008	665471	66366	304
535	2021-04-15	36	300	271	2	7	506859	1166487	192724	1760
536	2021-04-15	44	329	293	3	8	275078	632140	104970	1199
537	2021-04-15	40	325	225	2	9	2079059	3677360	208178	1986
538	2021-04-15	46	314	212	0	10	1066048	2062759	369925	7317
539	2021-04-14	45	310	235	0	1	19902	324426	29754	284
540	2021-04-14	38	354	274	3	2	5118329	18691748	2171841	28693
541	2021-04-14	36	399	242	2	3	2786323	11299190	957285	9946
542	2021-04-14	46	341	233	1	4	9969945	39904203	1512700	224011
543	2021-04-14	40	354	254	0	5	732329	588768	85254	1999
544	2021-04-14	43	398	257	0	6	73965	665214	65968	304
545	2021-04-14	44	379	278	2	7	506815	1166209	192345	1758
546	2021-04-14	38	350	244	0	8	275040	631896	104620	1199
547	2021-04-14	39	367	283	3	9	2079020	3677077	207811	1983
548	2021-04-14	38	326	220	2	10	1066010	2062539	369599	7315
549	2021-04-13	49	386	287	2	1	19853	324139	29368	282
550	2021-04-13	49	391	298	2	2	5118280	18691450	2171450	28691
551	2021-04-13	43	393	285	0	3	2786280	11298905	956892	9946
552	2021-04-13	41	355	253	3	4	9969904	39903950	1512345	224008
553	2021-04-13	46	319	276	1	5	732283	588492	84935	1998
554	2021-04-13	39	394	247	0	6	73926	664967	65574	304
555	2021-04-13	38	371	235	0	7	506777	1165974	191974	1758
556	2021-04-13	43	360	204	2	8	274997	631692	104260	1197
557	2021-04-13	45	341	265	1	9	2078975	3676812	207470	1982
558	2021-04-13	35	389	271	0	10	1065975	2062268	369210	7315
559	2021-04-12	48	394	262	3	1	19805	323877	28974	279
560	2021-04-12	35	354	250	0	2	5118245	18691200	2171096	28691
561	2021-04-12	35	344	289	0	3	2786245	11298616	956548	9946
562	2021-04-12	39	313	243	0	4	9969865	39903707	1512032	224008
563	2021-04-12	43	304	256	3	5	732240	588236	84631	1995
564	2021-04-12	42	356	239	2	6	73884	664728	65218	302
565	2021-04-12	45	397	208	2	7	506732	1165766	191577	1756
566	2021-04-12	41	323	288	-1	8	274956	631404	103937	1198
567	2021-04-12	48	324	233	0	9	2078927	3676579	207146	1982
568	2021-04-12	40	307	283	3	10	1065935	2061985	368903	7312
569	2021-04-11	44	333	221	1	1	19761	323656	28641	278
570	2021-04-11	38	335	284	1	2	5118207	18690916	2170761	28690
571	2021-04-11	49	345	219	0	3	2786196	11298397	956203	9946
572	2021-04-11	46	336	243	1	4	9969819	39903464	1511696	224007
573	2021-04-11	41	374	281	3	5	732199	587955	84257	1992
574	2021-04-11	35	377	296	-1	6	73849	664432	64841	303
575	2021-04-11	41	307	220	-1	7	506691	1165546	191270	1757
576	2021-04-11	42	347	235	2	8	274914	631169	103590	1196
577	2021-04-11	40	315	213	1	9	2078887	3676366	206831	1981
578	2021-04-11	38	389	231	1	10	1065897	2061754	368514	7311
579	2021-04-10	42	322	213	2	1	19719	323443	28319	276
580	2021-04-10	41	347	223	3	2	5118166	18690693	2170414	28687
581	2021-04-10	44	374	251	1	3	2786152	11298146	955829	9945
582	2021-04-10	40	320	267	2	4	9969779	39903197	1511376	224005
583	2021-04-10	46	355	247	3	5	732153	587708	83902	1989
584	2021-04-10	49	334	254	3	6	73800	664178	64507	300
585	2021-04-10	45	386	288	2	7	506646	1165258	190884	1755
586	2021-04-10	44	303	262	1	8	274870	630907	103287	1195
587	2021-04-10	46	389	210	-1	9	2078841	3676156	206442	1982
588	2021-04-10	42	300	266	2	10	1065855	2061488	368214	7309
589	2021-04-09	44	319	250	2	1	19675	323193	28000	274
590	2021-04-09	37	327	214	1	2	5118129	18690479	2170087	28686
591	2021-04-09	44	347	212	2	3	2786108	11297934	955482	9943
592	2021-04-09	44	331	291	0	4	9969735	39902906	1511045	224005
593	2021-04-09	38	364	243	-1	5	732115	587465	83538	1990
594	2021-04-09	37	340	257	2	6	73763	663921	64167	298
595	2021-04-09	46	391	269	2	7	506600	1164989	190493	1753
596	2021-04-09	46	366	288	2	8	274824	630619	102921	1193
597	2021-04-09	36	384	222	1	9	2078805	3675934	206058	1981
598	2021-04-09	42	318	232	3	10	1065813	2061256	367896	7306
599	2021-04-08	36	366	218	-1	1	19639	322975	27634	275
600	2021-04-08	37	389	262	2	2	5118092	18690217	2169698	28684
601	2021-04-08	48	312	281	1	3	2786060	11297653	955170	9942
602	2021-04-08	45	341	288	2	4	9969690	39902618	1510704	224003
603	2021-04-08	35	357	236	1	5	732080	587229	83181	1989
604	2021-04-08	46	337	291	1	6	73717	663630	63830	297
605	2021-04-08	43	329	218	0	7	506557	1164771	190164	1753
606	2021-04-08	41	329	201	3	8	274783	630418	102592	1190
607	2021-04-08	41	322	290	-1	9	2078764	3675644	205736	1982
608	2021-04-08	36	343	209	-1	10	1065777	2061047	367553	7307
609	2021-04-07	47	346	272	1	1	19592	322703	27288	274
610	2021-04-07	41	302	280	1	2	5118051	18689937	2169396	28683
611	2021-04-07	39	317	271	2	3	2786021	11297382	954853	9940
612	2021-04-07	38	384	267	2	4	9969652	39902351	1510320	224001
613	2021-04-07	45	323	233	3	5	732035	586996	82858	1986
614	2021-04-07	43	382	243	0	6	73674	663387	63448	297
615	2021-04-07	40	316	247	-1	7	506517	1164524	189848	1754
616	2021-04-07	41	348	281	3	8	274742	630137	102244	1187
617	2021-04-07	41	379	221	2	9	2078723	3675423	205357	1980
618	2021-04-07	45	385	291	1	10	1065732	2060756	367168	7306
619	2021-04-06	37	387	223	1	1	19555	322480	26901	273
389	2021-04-29	37	387	260	2	1	20535	328079	34943	299
390	2021-04-29	48	369	269	2	2	5118938	18695550	2176800	28722
391	2021-04-29	42	334	251	1	3	2786944	11302909	962749	9967
392	2021-04-29	46	359	284	0	4	9970571	39908005	1517876	224025
393	2021-04-29	37	396	219	1	5	732940	592508	90594	2020
394	2021-04-29	49	306	213	2	6	74580	668941	71129	318
395	2021-04-29	36	387	256	-1	7	507454	1170010	197579	1775
396	2021-04-29	35	304	268	0	8	275679	635569	109738	1221
397	2021-04-29	48	378	290	2	9	2079656	3680943	213141	2003
620	2021-04-06	49	320	203	-1	2	5118002	18689734	2169076	28684
621	2021-04-06	47	322	268	-1	3	2785974	11297114	954531	9941
622	2021-04-06	46	337	243	0	4	9969606	39902108	1509983	224001
623	2021-04-06	42	314	233	3	5	731993	586763	82544	1983
624	2021-04-06	42	305	254	3	6	73632	663133	63143	294
625	2021-04-06	45	377	218	3	7	506472	1164306	189471	1751
626	2021-04-06	37	310	233	3	8	274705	629904	101934	1184
627	2021-04-06	48	361	223	-1	9	2078675	3675200	204996	1981
628	2021-04-06	41	394	290	2	10	1065691	2060466	366774	7304
629	2021-04-05	37	364	280	3	1	19518	322200	26537	270
630	2021-04-05	38	344	262	2	2	5117964	18689472	2168732	28682
631	2021-04-05	37	326	243	-1	3	2785937	11296871	954205	9942
632	2021-04-05	38	396	206	1	4	9969568	39901902	1509587	224000
633	2021-04-05	41	354	267	2	5	731952	586496	82190	1981
634	2021-04-05	40	356	250	3	6	73592	662883	62787	291
635	2021-04-05	49	334	225	3	7	506423	1164081	189137	1748
\.


--
-- Data for Name: users; Type: TABLE DATA; Schema: public; Owner: friedwaffle
--

COPY public.users (id, username, password, role) FROM stdin;
\.


--
-- Name: information_id_seq; Type: SEQUENCE SET; Schema: public; Owner: friedwaffle
--

SELECT pg_catalog.setval('public.information_id_seq', 310, true);


--
-- Name: lookup_id_seq; Type: SEQUENCE SET; Schema: public; Owner: friedwaffle
--

SELECT pg_catalog.setval('public.lookup_id_seq', 10, true);


--
-- Name: schedule_id_seq; Type: SEQUENCE SET; Schema: public; Owner: friedwaffle
--

SELECT pg_catalog.setval('public.schedule_id_seq', 698, true);


--
-- Name: users_id_seq; Type: SEQUENCE SET; Schema: public; Owner: friedwaffle
--

SELECT pg_catalog.setval('public.users_id_seq', 1, false);


--
-- Name: information information_pkey; Type: CONSTRAINT; Schema: public; Owner: friedwaffle
--

ALTER TABLE ONLY public.information
    ADD CONSTRAINT information_pkey PRIMARY KEY (id);


--
-- Name: lookup lookup_pkey; Type: CONSTRAINT; Schema: public; Owner: friedwaffle
--

ALTER TABLE ONLY public.lookup
    ADD CONSTRAINT lookup_pkey PRIMARY KEY (id);


--
-- Name: users user_pk; Type: CONSTRAINT; Schema: public; Owner: friedwaffle
--

ALTER TABLE ONLY public.users
    ADD CONSTRAINT user_pk PRIMARY KEY (id);


--
-- Name: lookup_abbreviation_uindex; Type: INDEX; Schema: public; Owner: friedwaffle
--

CREATE UNIQUE INDEX lookup_abbreviation_uindex ON public.lookup USING btree (abbreviation);


--
-- Name: information fk_lookup; Type: FK CONSTRAINT; Schema: public; Owner: friedwaffle
--

ALTER TABLE ONLY public.information
    ADD CONSTRAINT fk_lookup FOREIGN KEY (subreddit_id) REFERENCES public.lookup(id);


--
-- PostgreSQL database dump complete
--

